DIM: Sex (3),DIM: Dwelling type (5),Dim: Age (20): Member ID: [1]: Total - Age,Dim: Age (20): Member ID: [2]: 0 to 14 years,Dim: Age (20): Member ID: [3]: 15 to 19 years,Dim: Age (20): Member ID: [6]: 20 to 24 years,% 0 to 14 in house,% 15 to 19 in house,% 20 to 24 in house
Total - Sex,Single-detached houses,20748070,3710440,1335120,1200490,0.63558766,0.659038631,0.535305724
Male,Single-detached houses,10404180,1903470,688920,630340,0.63618756,0.663022347,0.550775038
Female,Single-detached houses,10343890,1806965,646200,570150,0.634955189,0.654850576,0.519179548
Total - Sex,Single-detached houses,393805,57260,21315,17835,0.769468521,0.782201835,0.643746616
Male,Single-detached houses,195400,29290,10965,9280,0.767055126,0.784334764,0.666906216
Female,Single-detached houses,198400,27970,10350,8555,0.772118703,0.779661017,0.620377085
Total - Sex,Single-detached houses,123625,21235,7050,6580,0.654593095,0.643541762,0.471009306
Male,Single-detached houses,61165,10815,3630,3365,0.649939904,0.648793566,0.492679356
Female,Single-detached houses,62465,10420,3420,3220,0.659702437,0.638059701,0.450980392
Total - Sex,Single-detached houses,10350,1675,600,465,0.949008499,0.952380952,0.911764706
Male,Single-detached houses,5035,825,315,230,0.948275862,0.940298507,0.92
Female,Single-detached houses,5310,855,285,235,0.955307263,0.966101695,0.903846154
Total - Sex,Single-detached houses,9490,1420,500,425,0.687651332,0.649350649,0.611510791
Male,Single-detached houses,4630,690,270,200,0.676470588,0.65060241,0.597014925
Female,Single-detached houses,4860,730,230,220,0.701923077,0.638888889,0.611111111
Total - Sex,Single-detached houses,9520,1650,595,380,0.75862069,0.777777778,0.603174603
Male,Single-detached houses,4710,860,300,175,0.754385965,0.779220779,0.593220339
Female,Single-detached houses,4815,785,295,205,0.758454106,0.776315789,0.611940299
Total - Sex,Single-detached houses,24460,3420,1355,1285,0.78440367,0.794721408,0.702185792
Male,Single-detached houses,12055,1755,685,630,0.77827051,0.796511628,0.707865169
Female,Single-detached houses,12405,1660,675,650,0.788598575,0.794117647,0.691489362
Total - Sex,Single-detached houses,105535,17910,6880,5525,0.790030878,0.796757383,0.641323273
Male,Single-detached houses,52265,9160,3520,2880,0.792044963,0.794582393,0.656036446
Female,Single-detached houses,53270,8750,3360,2645,0.787578758,0.799048751,0.625295508
Total - Sex,Single-detached houses,46105,8385,3020,2520,0.741707209,0.736585366,0.530526316
Male,Single-detached houses,22605,4285,1530,1280,0.742634315,0.737349398,0.536687631
Female,Single-detached houses,23500,4105,1490,1240,0.742986425,0.735802469,0.522105263
Total - Sex,Single-detached houses,9905,1725,725,470,0.655893536,0.710784314,0.573170732
Male,Single-detached houses,4885,875,395,265,0.660377358,0.731481481,0.61627907
Female,Single-detached houses,5020,850,330,205,0.651340996,0.6875,0.539473684
Total - Sex,Single-detached houses,647760,99190,39190,31145,0.741524315,0.764757537,0.55462559
Male,Single-detached houses,319580,50840,20255,16225,0.743981854,0.772060225,0.576478948
Female,Single-detached houses,328185,48350,18935,14920,0.738957665,0.75724855,0.532666905
Total - Sex,Single-detached houses,230745,39235,14830,12035,0.648619607,0.6639803,0.398246195
Male,Single-detached houses,114245,20165,7600,6260,0.652694611,0.671378092,0.416916417
Female,Single-detached houses,116500,19070,7230,5770,0.644256757,0.655782313,0.379480434
Total - Sex,Single-detached houses,19490,3065,1265,895,0.768170426,0.805732484,0.621527778
Male,Single-detached houses,9610,1585,685,455,0.786600496,0.820359281,0.65
Female,Single-detached houses,9880,1480,580,440,0.751269036,0.794520548,0.598639456
Total - Sex,Single-detached houses,33290,5335,2070,1540,0.765972721,0.781132075,0.616
Male,Single-detached houses,16360,2685,1060,790,0.767142857,0.785185185,0.637096774
Female,Single-detached houses,16925,2650,1015,750,0.764790765,0.780769231,0.595238095
Total - Sex,Single-detached houses,26820,4255,1605,1235,0.812022901,0.818877551,0.750759878
Male,Single-detached houses,13170,2170,820,665,0.8173258,0.811881188,0.782352941
Female,Single-detached houses,13645,2085,785,570,0.805019305,0.830687831,0.7125
Total - Sex,Single-detached houses,76075,10635,4445,4235,0.772050817,0.821626617,0.752888889
Male,Single-detached houses,36675,5355,2325,2165,0.766094421,0.840867993,0.758318739
Female,Single-detached houses,39400,5280,2130,2075,0.778187178,0.805293006,0.747747748
Total - Sex,Single-detached houses,544080,83630,31570,25490,0.757072376,0.777681981,0.615106178
Male,Single-detached houses,271270,42655,16390,13370,0.757570376,0.784210526,0.628437133
Female,Single-detached houses,272805,40970,15185,12120,0.756392504,0.77100787,0.601190476
Total - Sex,Single-detached houses,88810,15255,5305,4380,0.671582655,0.686731392,0.489385475
Male,Single-detached houses,44245,7830,2750,2260,0.670376712,0.693568726,0.512471655
Female,Single-detached houses,44565,7420,2560,2125,0.672710789,0.679946879,0.46961326
Total - Sex,Single-detached houses,82985,14010,5335,4180,0.690487925,0.722410291,0.574965612
Male,Single-detached houses,41035,7065,2775,2195,0.686922703,0.727391874,0.595658073
Female,Single-detached houses,41945,6940,2560,1985,0.693306693,0.717086835,0.553695955
Total - Sex,Single-detached houses,66940,11855,4225,3305,0.712225894,0.713080169,0.450886767
Male,Single-detached houses,33110,5935,2190,1720,0.709503885,0.722772277,0.466757123
Female,Single-detached houses,33830,5925,2035,1585,0.716012085,0.701724138,0.433652531
Total - Sex,Single-detached houses,23435,2865,1265,1020,0.78600823,0.805732484,0.720848057
Male,Single-detached houses,11670,1450,635,535,0.777479893,0.808917197,0.727891156
Female,Single-detached houses,11760,1415,630,485,0.79494382,0.807692308,0.718518519
Total - Sex,Single-detached houses,22030,3190,1295,1055,0.823225806,0.843648208,0.74822695
Male,Single-detached houses,10785,1630,640,575,0.827411168,0.842105263,0.771812081
Female,Single-detached houses,11250,1555,655,485,0.816272966,0.84516129,0.729323308
Total - Sex,Single-detached houses,11225,1550,575,535,0.734597156,0.771812081,0.66875
Male,Single-detached houses,5535,785,300,270,0.720183486,0.789473684,0.683544304
Female,Single-detached houses,5690,760,270,265,0.741463415,0.72,0.6625
Total - Sex,Single-detached houses,9100,1130,445,440,0.70846395,0.741666667,0.651851852
Male,Single-detached houses,4535,580,250,225,0.703030303,0.793650794,0.661764706
Female,Single-detached houses,4560,555,195,220,0.725490196,0.696428571,0.656716418
Total - Sex,Single-detached houses,2130,425,130,95,0.825242718,0.866666667,0.791666667
Male,Single-detached houses,995,210,55,45,0.807692308,0.916666667,0.75
Female,Single-detached houses,1130,215,75,50,0.843137255,0.882352941,0.769230769
Total - Sex,Single-detached houses,17060,2485,880,660,0.802907916,0.814814815,0.663316583
Male,Single-detached houses,8570,1305,415,340,0.818181818,0.798076923,0.653846154
Female,Single-detached houses,8495,1180,465,315,0.786666667,0.830357143,0.670212766
Total - Sex,Single-detached houses,4188855,756370,254190,224650,0.567429997,0.591442133,0.449214649
Male,Single-detached houses,2122870,387620,131030,117450,0.56804543,0.598187587,0.464973574
Female,Single-detached houses,2065980,368750,123160,107200,0.566784507,0.584430683,0.433131313
Total - Sex,Single-detached houses,12135,1730,555,480,0.76043956,0.711538462,0.574850299
Male,Single-detached houses,6165,900,285,260,0.759493671,0.670588235,0.584269663
Female,Single-detached houses,5970,835,265,215,0.766055046,0.736111111,0.544303797
Total - Sex,Single-detached houses,33440,5860,1805,1505,0.732042473,0.664825046,0.459541985
Male,Single-detached houses,16840,2980,950,775,0.718072289,0.688405797,0.48136646
Female,Single-detached houses,16600,2880,855,730,0.747081712,0.642857143,0.439759036
Total - Sex,Single-detached houses,17790,3340,965,690,0.741398446,0.684397163,0.46779661
Male,Single-detached houses,8950,1665,510,370,0.727074236,0.693877551,0.480519481
Female,Single-detached houses,8840,1675,455,315,0.752808989,0.674074074,0.443661972
Total - Sex,Single-detached houses,17600,2925,1055,850,0.711678832,0.694078947,0.592334495
Male,Single-detached houses,8955,1435,500,445,0.706896552,0.680272109,0.597315436
Female,Single-detached houses,8645,1485,550,400,0.715662651,0.700636943,0.583941606
Total - Sex,Single-detached houses,93535,16295,5215,4425,0.673347107,0.66180203,0.483606557
Male,Single-detached houses,47615,8235,2715,2300,0.67032967,0.667076167,0.493033226
Female,Single-detached houses,45925,8060,2495,2130,0.676458246,0.654855643,0.475446429
Total - Sex,Single-detached houses,19335,3540,1130,930,0.674285714,0.670623145,0.523943662
Male,Single-detached houses,9850,1805,585,485,0.672253259,0.680232558,0.538888889
Female,Single-detached houses,9490,1735,545,445,0.676413255,0.664634146,0.51744186
Total - Sex,Single-detached houses,10215,1795,530,410,0.737166324,0.711409396,0.598540146
Male,Single-detached houses,5220,920,260,235,0.733067729,0.693333333,0.618421053
Female,Single-detached houses,4995,870,265,175,0.740425532,0.697368421,0.564516129
Total - Sex,Single-detached houses,16380,3505,1105,845,0.662570888,0.671732523,0.518404908
Male,Single-detached houses,8370,1750,595,440,0.648148148,0.708333333,0.530120482
Female,Single-detached houses,8015,1755,515,405,0.676300578,0.635802469,0.509433962
Total - Sex,Single-detached houses,398505,76905,24080,20985,0.618008679,0.627164995,0.408865075
Male,Single-detached houses,201690,39375,12450,10940,0.621105765,0.63813429,0.428935503
Female,Single-detached houses,196815,37535,11635,10050,0.61492464,0.616260593,0.389233153
Total - Sex,Single-detached houses,8460,1615,530,395,0.693133047,0.711409396,0.530201342
Male,Single-detached houses,4255,785,280,205,0.676724138,0.717948718,0.539473684
Female,Single-detached houses,4205,830,255,195,0.706382979,0.708333333,0.527027027
Total - Sex,Single-detached houses,20565,4040,1195,1000,0.736554239,0.705014749,0.563380282
Male,Single-detached houses,10445,2085,615,505,0.732864675,0.715116279,0.55801105
Female,Single-detached houses,10120,1955,585,490,0.740530303,0.696428571,0.566473988
Total - Sex,Single-detached houses,20070,3100,960,920,0.811518325,0.783673469,0.661870504
Male,Single-detached houses,10090,1595,500,470,0.807594937,0.8,0.657342657
Female,Single-detached houses,9985,1505,460,445,0.815718157,0.766666667,0.659259259
Total - Sex,Single-detached houses,110855,20945,7055,5470,0.611711449,0.600425532,0.362491716
Male,Single-detached houses,55915,10835,3640,2835,0.611628563,0.607679466,0.374257426
Female,Single-detached houses,54940,10105,3415,2635,0.611312765,0.592367736,0.350632069
Total - Sex,Single-detached houses,6455,1020,405,280,0.496350365,0.554794521,0.375838926
Male,Single-detached houses,3245,530,220,140,0.488479263,0.586666667,0.35
Female,Single-detached houses,3215,495,185,140,0.505102041,0.536231884,0.405797101
Total - Sex,Single-detached houses,28255,5245,1765,1315,0.666031746,0.661048689,0.491588785
Male,Single-detached houses,14315,2720,905,690,0.675776398,0.67037037,0.5
Female,Single-detached houses,13940,2520,860,625,0.654545455,0.651515152,0.482625483
Total - Sex,Single-detached houses,83345,13895,4650,4170,0.623233909,0.60665362,0.417208604
Male,Single-detached houses,42090,7195,2355,2135,0.621598272,0.610103627,0.433502538
Female,Single-detached houses,41255,6700,2295,2035,0.625,0.602362205,0.400985222
Total - Sex,Single-detached houses,31925,4745,1580,1330,0.69270073,0.659707724,0.506666667
Male,Single-detached houses,16050,2450,810,690,0.698005698,0.666666667,0.507352941
Female,Single-detached houses,15875,2295,775,640,0.689189189,0.654008439,0.505928854
Total - Sex,Single-detached houses,57375,11250,3585,2665,0.691669228,0.671348315,0.49906367
Male,Single-detached houses,29200,5775,1840,1380,0.689552239,0.680221811,0.50273224
Female,Single-detached houses,28175,5480,1745,1285,0.694110196,0.664761905,0.496138996
Total - Sex,Single-detached houses,45250,8195,2745,2230,0.587244715,0.616853933,0.483206934
Male,Single-detached houses,22980,4210,1445,1170,0.588811189,0.625541126,0.49787234
Female,Single-detached houses,22270,3985,1295,1060,0.585598824,0.606557377,0.46799117
Total - Sex,Single-detached houses,26210,4500,1585,1370,0.51340559,0.511290323,0.367785235
Male,Single-detached houses,13160,2310,765,710,0.517357223,0.501639344,0.39010989
Female,Single-detached houses,13050,2185,820,660,0.507549361,0.522292994,0.346456693
Total - Sex,Single-detached houses,25830,3680,1230,1135,0.709055877,0.696883853,0.582051282
Male,Single-detached houses,13160,1915,615,595,0.709259259,0.710982659,0.589108911
Female,Single-detached houses,12670,1765,620,535,0.708835341,0.69273743,0.566137566
Total - Sex,Single-detached houses,26110,4330,1465,1300,0.616370107,0.600409836,0.470162749
Male,Single-detached houses,12935,2150,750,695,0.610795455,0.602409639,0.501805054
Female,Single-detached houses,13180,2180,715,605,0.621968616,0.595833333,0.44
Total - Sex,Single-detached houses,1615720,308195,111145,101095,0.445877519,0.493287176,0.372172216
Male,Single-detached houses,810545,157625,57300,52745,0.446289533,0.500349284,0.386339498
Female,Single-detached houses,805175,150570,53845,48355,0.445440426,0.485943775,0.357893568
Total - Sex,Single-detached houses,21350,3225,1135,1145,0.584768812,0.577608142,0.462626263
Male,Single-detached houses,10700,1685,580,585,0.587108014,0.582914573,0.464285714
Female,Single-detached houses,10650,1540,555,555,0.583333333,0.572164948,0.456790123
Total - Sex,Single-detached houses,7080,1010,375,335,0.565826331,0.576923077,0.489051095
Male,Single-detached houses,3585,555,180,195,0.578125,0.553846154,0.52
Female,Single-detached houses,3495,455,195,135,0.551515152,0.609375,0.435483871
Total - Sex,Single-detached houses,20345,4115,1320,1050,0.686405338,0.696569921,0.508474576
Male,Single-detached houses,10515,2140,715,545,0.68921095,0.715,0.514150943
Female,Single-detached houses,9830,1975,605,500,0.682210708,0.672222222,0.495049505
Total - Sex,Single-detached houses,25685,4890,1625,1270,0.694109297,0.671487603,0.464351005
Male,Single-detached houses,13155,2515,800,640,0.69571231,0.658436214,0.465454545
Female,Single-detached houses,12530,2380,830,630,0.69286754,0.685950413,0.463235294
Total - Sex,Single-detached houses,8009260,1381935,529505,497765,0.626191156,0.652521643,0.556566221
Male,Single-detached houses,3988395,709465,272955,260880,0.627256733,0.655149653,0.569862056
Female,Single-detached houses,4020865,672470,256550,236885,0.625070876,0.649748636,0.54262971
Total - Sex,Single-detached houses,36540,5460,2085,1985,0.586466165,0.658767773,0.55758427
Male,Single-detached houses,18180,2815,1095,1075,0.591386555,0.669724771,0.590659341
Female,Single-detached houses,18365,2645,985,910,0.58004386,0.64379085,0.524495677
Total - Sex,Single-detached houses,5105,710,245,240,0.445141066,0.4375,0.393442623
Male,Single-detached houses,2530,365,130,120,0.459119497,0.448275862,0.387096774
Female,Single-detached houses,2570,340,110,120,0.433121019,0.4,0.4
Total - Sex,Single-detached houses,995,180,50,60,0.6,0.526315789,0.571428571
Male,Single-detached houses,495,90,20,30,0.6,0.5,0.6
Female,Single-detached houses,500,90,30,25,0.580645161,0.545454545,0.454545455
Total - Sex,Single-detached houses,4110,530,195,180,0.410852713,0.419354839,0.356435644
Male,Single-detached houses,2040,280,115,90,0.430769231,0.469387755,0.352941176
Female,Single-detached houses,2070,250,80,95,0.390625,0.355555556,0.38
Total - Sex,Single-detached houses,681355,127030,46885,40565,0.55945565,0.58956303,0.437854175
Male,Single-detached houses,340385,64785,23830,21290,0.559963698,0.590875279,0.455791051
Female,Single-detached houses,340965,62250,23060,19275,0.558972747,0.58834035,0.419569003
Total - Sex,Single-detached houses,172990,32895,10820,9490,0.537368292,0.577066667,0.452875209
Male,Single-detached houses,87225,16865,5530,4980,0.538301947,0.581799053,0.474964235
Female,Single-detached houses,85760,16025,5295,4515,0.536132486,0.572742023,0.430820611
Total - Sex,Single-detached houses,508365,94140,36060,31075,0.567621345,0.593336076,0.433463524
Male,Single-detached houses,253160,47915,18300,16310,0.567915136,0.593770279,0.450241546
Female,Single-detached houses,255205,46220,17760,14765,0.56729058,0.592889334,0.416325955
Total - Sex,Single-detached houses,11950,1830,670,620,0.7593361,0.832298137,0.765432099
Male,Single-detached houses,6010,965,340,335,0.756862745,0.829268293,0.797619048
Female,Single-detached houses,5940,870,335,285,0.766519824,0.848101266,0.75
Total - Sex,Single-detached houses,24795,4260,1490,1225,0.812202097,0.832402235,0.790322581
Male,Single-detached houses,12405,2185,775,670,0.81988743,0.833333333,0.80239521
Female,Single-detached houses,12395,2075,710,555,0.804263566,0.820809249,0.776223776
Total - Sex,Single-detached houses,27725,3910,1755,1405,0.759961127,0.790540541,0.672248804
Male,Single-detached houses,13590,1980,880,720,0.760076775,0.789237668,0.688995215
Female,Single-detached houses,14140,1930,875,680,0.761341223,0.788288288,0.647619048
Total - Sex,Single-detached houses,17630,2840,1000,935,0.816091954,0.816326531,0.684981685
Male,Single-detached houses,8770,1475,525,475,0.830985915,0.853658537,0.698529412
Female,Single-detached houses,8860,1365,475,460,0.80058651,0.798319328,0.666666667
Total - Sex,Single-detached houses,11930,2685,650,585,0.702879581,0.734463277,0.410526316
Male,Single-detached houses,6135,1420,335,315,0.715365239,0.705263158,0.348066298
Female,Single-detached houses,5795,1260,310,265,0.686648501,0.775,0.514563107
Total - Sex,Single-detached houses,101655,16415,6350,5580,0.686820084,0.709893795,0.492280547
Male,Single-detached houses,50190,8410,3295,2955,0.685970636,0.727373068,0.524866785
Female,Single-detached houses,51465,8010,3055,2625,0.687848862,0.69195923,0.45971979
Total - Sex,Single-detached houses,75915,12395,4625,4025,0.754872107,0.790598291,0.656606852
Male,Single-detached houses,37665,6300,2385,2105,0.753588517,0.788429752,0.666139241
Female,Single-detached houses,38255,6095,2240,1915,0.756203474,0.792920354,0.644781145
Total - Sex,Single-detached houses,12295,1700,700,580,0.698151951,0.717948718,0.662857143
Male,Single-detached houses,5895,870,380,275,0.698795181,0.716981132,0.654761905
Female,Single-detached houses,6400,825,320,305,0.693277311,0.727272727,0.67032967
Total - Sex,Single-detached houses,12740,1685,700,695,0.771167048,0.809248555,0.776536313
Male,Single-detached houses,6275,830,370,365,0.76146789,0.787234043,0.760416667
Female,Single-detached houses,6460,860,325,330,0.792626728,0.82278481,0.785714286
Total - Sex,Single-detached houses,89790,14075,5225,5315,0.788294595,0.780433159,0.640361446
Male,Single-detached houses,44090,7150,2635,2715,0.787878788,0.783060921,0.663814181
Female,Single-detached houses,45700,6920,2585,2605,0.788154897,0.776276276,0.619500595
Total - Sex,Single-detached houses,64135,8710,3520,3295,0.879353862,0.892268695,0.837357052
Male,Single-detached houses,32125,4455,1825,1710,0.879565647,0.892420538,0.830097087
Female,Single-detached houses,32010,4260,1695,1585,0.881075491,0.887434555,0.845333333
Total - Sex,Single-detached houses,22060,4100,1495,1235,0.836734694,0.86167147,0.799352751
Male,Single-detached houses,11100,2145,790,640,0.837890625,0.863387978,0.795031056
Female,Single-detached houses,10965,1960,700,595,0.839400428,0.853658537,0.798657718
Total - Sex,Single-detached houses,269200,50815,18465,17460,0.733949592,0.751985339,0.702757094
Male,Single-detached houses,133965,26125,9330,9115,0.736122852,0.754549131,0.710721248
Female,Single-detached houses,135230,24685,9130,8340,0.731624185,0.749281904,0.693555094
Total - Sex,Single-detached houses,9620,1800,640,520,0.772532189,0.771084337,0.702702703
Male,Single-detached houses,4830,940,345,260,0.770491803,0.766666667,0.702702703
Female,Single-detached houses,4790,855,295,265,0.77027027,0.776315789,0.716216216
Total - Sex,Single-detached houses,2776675,490065,195305,191050,0.497543072,0.533008569,0.463814911
Male,Single-detached houses,1375685,251965,100925,100080,0.498585167,0.53475865,0.475597586
Female,Single-detached houses,1400985,238105,94380,90970,0.496455453,0.531149755,0.451508835
Total - Sex,Single-detached houses,471315,81760,31185,30690,0.667510307,0.702048627,0.634681005
Male,Single-detached houses,235110,42230,16215,16175,0.66936123,0.708233239,0.649467978
Female,Single-detached houses,236205,39525,14975,14515,0.665348035,0.695702671,0.618976546
Total - Sex,Single-detached houses,287610,43445,17390,17235,0.735109983,0.751674951,0.669320388
Male,Single-detached houses,142545,22290,8870,8885,0.736737729,0.752651676,0.686630603
Female,Single-detached houses,145070,21165,8515,8345,0.73374935,0.750220264,0.651444184
Total - Sex,Single-detached houses,323230,60800,22080,20575,0.658329273,0.675952855,0.527902502
Male,Single-detached houses,161755,31025,11350,10895,0.65737896,0.678219301,0.53617126
Female,Single-detached houses,161470,29780,10730,9680,0.659433127,0.673571877,0.518756699
Total - Sex,Single-detached houses,96360,17560,6210,5570,0.744383213,0.76056338,0.697994987
Male,Single-detached houses,47975,9070,3240,2845,0.755203997,0.771428571,0.713032581
Female,Single-detached houses,48385,8490,2970,2725,0.732528041,0.749054224,0.684673367
Total - Sex,Single-detached houses,26075,4790,1635,1385,0.700804682,0.709327549,0.596982759
Male,Single-detached houses,13025,2440,845,725,0.707246377,0.713080169,0.617021277
Female,Single-detached houses,13055,2350,785,665,0.694239291,0.694690265,0.583333333
Total - Sex,Single-detached houses,11510,1730,615,510,0.737739872,0.76875,0.625766871
Male,Single-detached houses,5530,870,320,255,0.731092437,0.780487805,0.62962963
Female,Single-detached houses,5980,860,295,260,0.744588745,0.756410256,0.634146341
Total - Sex,Single-detached houses,54665,8715,3300,2950,0.897066392,0.906593407,0.832157969
Male,Single-detached houses,27375,4495,1625,1540,0.893638171,0.912921348,0.843835616
Female,Single-detached houses,27290,4215,1675,1415,0.897763578,0.90296496,0.820289855
Total - Sex,Single-detached houses,94430,17025,6550,6205,0.660267597,0.694223635,0.550088652
Male,Single-detached houses,47030,8775,3305,3295,0.661266014,0.695057834,0.581128748
Female,Single-detached houses,47400,8255,3245,2910,0.659872102,0.693376068,0.519179304
Total - Sex,Single-detached houses,18730,2940,1175,995,0.626865672,0.652777778,0.551246537
Male,Single-detached houses,9270,1520,615,535,0.617886179,0.661290323,0.584699454
Female,Single-detached houses,9465,1425,565,465,0.639013453,0.649425287,0.519553073
Total - Sex,Single-detached houses,311035,54940,20405,19045,0.67664265,0.693457944,0.525089606
Male,Single-detached houses,154340,28085,10480,10055,0.676502469,0.7000668,0.546170559
Female,Single-detached houses,156695,26855,9925,8990,0.676789315,0.686851211,0.503218584
Total - Sex,Single-detached houses,81715,13775,5175,4175,0.822879331,0.84627964,0.754290876
Male,Single-detached houses,40575,7090,2615,2110,0.825378347,0.849025974,0.765880218
Female,Single-detached houses,41145,6685,2560,2070,0.821253071,0.843492586,0.745945946
Total - Sex,Single-detached houses,36665,7120,2460,2175,0.822645869,0.826890756,0.736040609
Male,Single-detached houses,18555,3760,1315,1125,0.822757112,0.848387097,0.740131579
Female,Single-detached houses,18110,3355,1145,1045,0.822303922,0.800699301,0.728222997
Total - Sex,Single-detached houses,246025,43050,16895,16395,0.782940802,0.805290753,0.714534757
Male,Single-detached houses,122760,22055,8770,8645,0.783759773,0.808667589,0.724947589
Female,Single-detached houses,123265,20990,8125,7755,0.78189607,0.80207305,0.704039946
Total - Sex,Single-detached houses,74075,11780,4220,4100,0.800271739,0.807655502,0.699658703
Male,Single-detached houses,36735,5955,2190,2120,0.803643725,0.820224719,0.695081967
Female,Single-detached houses,37335,5830,2035,1980,0.798083504,0.794921875,0.703374778
Total - Sex,Single-detached houses,17545,2170,775,740,0.882113821,0.890804598,0.850574713
Male,Single-detached houses,8635,1105,430,410,0.884,0.905263158,0.88172043
Female,Single-detached houses,8910,1060,345,330,0.87966805,0.851851852,0.814814815
Total - Sex,Single-detached houses,22065,3305,1305,1150,0.728776185,0.769911504,0.646067416
Male,Single-detached houses,10915,1725,685,590,0.745140389,0.782857143,0.659217877
Female,Single-detached houses,11145,1585,620,565,0.713963964,0.751515152,0.634831461
Total - Sex,Single-detached houses,13705,2250,720,665,0.717703349,0.712871287,0.612903226
Male,Single-detached houses,6600,1115,375,335,0.721682848,0.700934579,0.632075472
Female,Single-detached houses,7100,1135,345,340,0.716088328,0.734042553,0.612612613
Total - Sex,Single-detached houses,145890,27085,10470,9590,0.768041968,0.795895097,0.722138554
Male,Single-detached houses,72880,13875,5340,5125,0.768485184,0.8005997,0.73953824
Female,Single-detached houses,73005,13210,5130,4460,0.76757699,0.791056284,0.701809599
Total - Sex,Single-detached houses,18470,2620,1045,1145,0.595454545,0.659305994,0.578282828
Male,Single-detached houses,8980,1335,530,605,0.593333333,0.6625,0.626943005
Female,Single-detached houses,9490,1280,515,540,0.595348837,0.651898734,0.532019704
Total - Sex,Single-detached houses,27090,3790,1515,1400,0.792887029,0.818918919,0.74270557
Male,Single-detached houses,13415,1985,805,705,0.789264414,0.829896907,0.730569948
Female,Single-detached houses,13670,1805,715,690,0.795154185,0.817142857,0.75
Total - Sex,Single-detached houses,45285,6925,2640,2310,0.659838018,0.674329502,0.534104046
Male,Single-detached houses,22490,3475,1335,1170,0.655660377,0.6675,0.545454545
Female,Single-detached houses,22795,3455,1305,1145,0.665703276,0.6796875,0.525229358
Total - Sex,Single-detached houses,112405,18345,7000,6305,0.717442315,0.740740741,0.596499527
Male,Single-detached houses,56375,9435,3615,3390,0.718583397,0.750778816,0.623161765
Female,Single-detached houses,56025,8910,3390,2920,0.716237942,0.732181425,0.5703125
Total - Sex,Single-detached houses,5595,665,240,180,0.599099099,0.648648649,0.467532468
Male,Single-detached houses,2720,335,120,95,0.609090909,0.6,0.487179487
Female,Single-detached houses,2870,330,125,90,0.589285714,0.735294118,0.486486486
Total - Sex,Single-detached houses,29515,5175,1915,1660,0.725806452,0.74368932,0.656126482
Male,Single-detached houses,14910,2660,995,850,0.732782369,0.734317343,0.669291339
Female,Single-detached houses,14605,2520,920,810,0.722063037,0.751020408,0.642857143
Total - Sex,Single-detached houses,56305,8475,3155,3125,0.75,0.765776699,0.65376569
Male,Single-detached houses,28020,4365,1665,1655,0.747431507,0.763761468,0.67413442
Female,Single-detached houses,28290,4105,1485,1470,0.751831502,0.763496144,0.63362069
Total - Sex,Single-detached houses,89210,13435,5280,5540,0.756901408,0.790419162,0.671515152
Male,Single-detached houses,44445,6940,2690,2890,0.75971538,0.790014684,0.682408501
Female,Single-detached houses,44765,6490,2600,2645,0.753337203,0.795107034,0.659600998
Total - Sex,Single-detached houses,12090,2005,680,720,0.826804124,0.834355828,0.782608696
Male,Single-detached houses,6010,1000,365,375,0.826446281,0.848837209,0.79787234
Female,Single-detached houses,6080,1005,315,350,0.827160494,0.807692308,0.769230769
Total - Sex,Single-detached houses,927135,184870,65155,59630,0.758316584,0.7903803,0.687298294
Male,Single-detached houses,466555,94940,33810,31150,0.75891287,0.794594595,0.700550995
Female,Single-detached houses,460575,89930,31350,28475,0.757656178,0.786108325,0.673247429
Total - Sex,Single-detached houses,533630,95140,36635,36075,0.716415663,0.758802817,0.654896977
Male,Single-detached houses,267330,48940,19075,18900,0.717647921,0.763610889,0.670807453
Female,Single-detached houses,266300,46205,17560,17180,0.715247678,0.753648069,0.638543022
Total - Sex,Single-detached houses,24070,6505,2130,1635,0.844256976,0.880165289,0.725055432
Male,Single-detached houses,12140,3310,1110,865,0.835858586,0.888,0.762114537
Female,Single-detached houses,11930,3190,1020,775,0.851802403,0.868085106,0.691964286
Total - Sex,Single-detached houses,10190,2550,715,680,0.73699422,0.733333333,0.552845528
Male,Single-detached houses,5025,1315,350,335,0.745042493,0.752688172,0.544715447
Female,Single-detached houses,5165,1240,360,340,0.733727811,0.699029126,0.552845528
Total - Sex,Single-detached houses,9715,1920,595,575,0.737044146,0.71686747,0.714285714
Male,Single-detached houses,4760,980,310,305,0.750957854,0.688888889,0.743902439
Female,Single-detached houses,4955,940,285,270,0.725868726,0.76,0.675
Total - Sex,Single-detached houses,35380,7085,2305,2045,0.62866016,0.671033479,0.484023669
Male,Single-detached houses,17695,3665,1150,1030,0.63244176,0.67251462,0.495192308
Female,Single-detached houses,17680,3420,1160,1020,0.623518687,0.670520231,0.475524476
Total - Sex,Single-detached houses,7060,1755,580,430,0.502145923,0.597938144,0.445595855
Male,Single-detached houses,3600,910,285,215,0.521489971,0.6,0.447916667
Female,Single-detached houses,3460,850,295,210,0.487106017,0.595959596,0.424242424
Total - Sex,Single-detached houses,838790,173035,55630,48455,0.802369525,0.822259996,0.691572112
Male,Single-detached houses,424195,88490,28690,25540,0.801576158,0.82739726,0.707969508
Female,Single-detached houses,414600,84545,26945,22915,0.803201596,0.817010309,0.674268059
Total - Sex,Single-detached houses,171460,33865,10820,10850,0.768000907,0.794711715,0.665236052
Male,Single-detached houses,86380,17365,5560,5660,0.769384138,0.795422031,0.6811071
Female,Single-detached houses,85085,16505,5255,5195,0.766782811,0.792609351,0.650187735
Total - Sex,Single-detached houses,14785,2820,960,730,0.820960699,0.864864865,0.708737864
Male,Single-detached houses,7350,1445,510,370,0.816384181,0.871794872,0.718446602
Female,Single-detached houses,7435,1380,455,360,0.831325301,0.866666667,0.712871287
Total - Sex,Single-detached houses,26395,5045,1625,1430,0.804625199,0.818639798,0.724050633
Male,Single-detached houses,13170,2570,845,760,0.795665635,0.828431373,0.734299517
Female,Single-detached houses,13225,2475,780,670,0.812807882,0.808290155,0.708994709
Total - Sex,Single-detached houses,13330,2485,870,730,0.788888889,0.816901408,0.634782609
Male,Single-detached houses,6720,1295,440,390,0.782477341,0.846153846,0.666666667
Female,Single-detached houses,6610,1185,430,335,0.79264214,0.788990826,0.592920354
Total - Sex,Single-detached houses,197075,39885,13115,12820,0.716325431,0.743270048,0.574887892
Male,Single-detached houses,99420,20510,6770,6710,0.717132867,0.752640356,0.593280283
Female,Single-detached houses,97650,19375,6350,6110,0.715340594,0.734528629,0.555959964
Total - Sex,Single-detached houses,14480,3165,955,805,0.781481481,0.805907173,0.725225225
Male,Single-detached houses,7035,1580,490,395,0.786069652,0.790322581,0.752380952
Female,Single-detached houses,7445,1590,460,410,0.781326781,0.8,0.694915254
Total - Sex,Single-detached houses,32160,6855,2375,1915,0.746732026,0.78125,0.66148532
Male,Single-detached houses,15855,3540,1215,975,0.744479495,0.771428571,0.663265306
Female,Single-detached houses,16305,3315,1160,945,0.749152542,0.789115646,0.665492958
Total - Sex,Single-detached houses,9990,2020,680,625,0.790606654,0.804733728,0.686813187
Male,Single-detached houses,5165,1000,350,355,0.8,0.823529412,0.696078431
Female,Single-detached houses,4825,1025,335,270,0.782442748,0.807228916,0.666666667
Total - Sex,Single-detached houses,7805,1625,505,430,0.792682927,0.782945736,0.671875
Male,Single-detached houses,3915,825,270,220,0.797101449,0.805970149,0.676923077
Female,Single-detached houses,3890,800,235,205,0.792079208,0.758064516,0.640625
Total - Sex,Single-detached houses,2753315,569850,183260,161310,0.731439647,0.763487897,0.616098539
Male,Single-detached houses,1395115,292505,94695,85205,0.732122744,0.766016826,0.635881936
Female,Single-detached houses,1358200,277350,88565,76105,0.730733764,0.760802337,0.595314456
Total - Sex,Single-detached houses,55490,10905,3660,2825,0.778372591,0.809734513,0.65774156
Male,Single-detached houses,28005,5615,1880,1535,0.781489214,0.812095032,0.694570136
Female,Single-detached houses,27480,5285,1780,1290,0.774358974,0.805429864,0.618705036
Total - Sex,Single-detached houses,16025,3615,1195,795,0.645535714,0.692753623,0.584558824
Male,Single-detached houses,8255,1855,620,460,0.639655172,0.685082873,0.613333333
Female,Single-detached houses,7770,1760,575,330,0.653061224,0.701219512,0.536585366
Total - Sex,Single-detached houses,83750,17460,5475,5655,0.778768956,0.77385159,0.606759657
Male,Single-detached houses,42190,9035,2775,2965,0.783607979,0.776223776,0.63490364
Female,Single-detached houses,41555,8425,2695,2690,0.774000919,0.767806268,0.578494624
Total - Sex,Single-detached houses,23980,6280,1955,1200,0.90294752,0.907192575,0.824742268
Male,Single-detached houses,12100,3220,1025,655,0.903225806,0.915178571,0.829113924
Female,Single-detached houses,11875,3055,935,540,0.901179941,0.899038462,0.818181818
Total - Sex,Single-detached houses,7685,1590,540,360,0.62970297,0.679245283,0.576
Male,Single-detached houses,3900,840,280,180,0.641221374,0.682926829,0.5625
Female,Single-detached houses,3785,750,270,175,0.619834711,0.692307692,0.573770492
Total - Sex,Single-detached houses,926460,192940,61470,54745,0.738060173,0.773450771,0.631539482
Male,Single-detached houses,467085,98825,31740,28840,0.736757744,0.776988984,0.65538007
Female,Single-detached houses,459375,94115,29735,25905,0.739432747,0.769638928,0.606958763
Total - Sex,Single-detached houses,8860,1930,675,450,0.690518784,0.762711864,0.588235294
Male,Single-detached houses,4465,975,360,235,0.691489362,0.782608696,0.602564103
Female,Single-detached houses,4395,955,320,220,0.689530686,0.752941176,0.586666667
Total - Sex,Single-detached houses,6665,1070,430,365,0.520681265,0.651515152,0.521428571
Male,Single-detached houses,3385,550,220,205,0.531400966,0.628571429,0.554054054
Female,Single-detached houses,3280,525,215,160,0.514705882,0.693548387,0.484848485
Total - Sex,Single-detached houses,59970,12455,4040,3565,0.666577469,0.671096346,0.506751955
Male,Single-detached houses,30320,6360,2120,1860,0.662845232,0.680577849,0.532951289
Female,Single-detached houses,29645,6090,1920,1710,0.670335718,0.658662093,0.483050847
Total - Sex,Single-detached houses,11365,2710,825,575,0.790087464,0.820895522,0.595854922
Male,Single-detached houses,5780,1380,410,300,0.795389049,0.803921569,0.638297872
Female,Single-detached houses,5590,1330,415,275,0.786982249,0.846938776,0.567010309
Total - Sex,Single-detached houses,9405,2145,700,505,0.795918367,0.786516854,0.660130719
Male,Single-detached houses,4725,1100,355,260,0.797101449,0.806818182,0.65
Female,Single-detached houses,4680,1045,350,245,0.800766284,0.786516854,0.680555556
Total - Sex,Single-detached houses,12670,2380,785,760,0.756756757,0.765853659,0.612903226
Male,Single-detached houses,6335,1235,415,400,0.762345679,0.79047619,0.64
Female,Single-detached houses,6340,1140,375,360,0.745098039,0.742574257,0.585365854
Total - Sex,Single-detached houses,842950,165885,54740,52490,0.682177078,0.723213106,0.568442712
Male,Single-detached houses,426080,85015,28190,27555,0.683675111,0.724213231,0.585156084
Female,Single-detached houses,416875,80870,26555,24935,0.680580686,0.722093814,0.550927972
Total - Sex,Single-detached houses,24860,5990,1695,1425,0.763543658,0.786542923,0.605095541
Male,Single-detached houses,12640,3040,880,735,0.757160648,0.79638009,0.617647059
Female,Single-detached houses,12220,2945,815,690,0.768929504,0.776190476,0.58974359
Total - Sex,Single-detached houses,10185,2460,680,725,0.695898161,0.731182796,0.570866142
Male,Single-detached houses,5250,1255,370,380,0.68956044,0.755102041,0.562962963
Female,Single-detached houses,4930,1205,310,340,0.704678363,0.704545455,0.566666667
Total - Sex,Single-detached houses,14675,3530,1015,695,0.819025522,0.828571429,0.640552995
Male,Single-detached houses,7385,1790,510,355,0.815489749,0.822580645,0.689320388
Female,Single-detached houses,7285,1740,505,345,0.822695035,0.827868852,0.605263158
Total - Sex,Single-detached houses,10405,2420,630,620,0.71281296,0.777777778,0.548672566
Male,Single-detached houses,5415,1225,340,310,0.722713864,0.772727273,0.516666667
Female,Single-detached houses,4990,1190,295,310,0.7,0.786666667,0.579439252
Total - Sex,Single-detached houses,43705,10440,2735,2780,0.762322015,0.755524862,0.547244094
Male,Single-detached houses,22420,5300,1405,1495,0.762041697,0.759459459,0.563088512
Female,Single-detached houses,21285,5140,1325,1290,0.761481481,0.750708215,0.533057851
Total - Sex,Single-detached houses,42330,9285,2345,2600,0.631417885,0.653203343,0.553780618
Male,Single-detached houses,22505,4830,1245,1385,0.636363636,0.6484375,0.569958848
Female,Single-detached houses,19830,4455,1100,1215,0.626141954,0.658682635,0.536423841
Total - Sex,Single-detached houses,7975,1590,525,415,0.67230444,0.709459459,0.597122302
Male,Single-detached houses,3995,835,285,220,0.673387097,0.75,0.611111111
Female,Single-detached houses,3980,750,235,195,0.666666667,0.652777778,0.582089552
Total - Sex,Single-detached houses,2270425,369950,143130,123765,0.535127942,0.552689501,0.430404618
Male,Single-detached houses,1133160,190025,73905,65675,0.534716848,0.555718475,0.44490736
Female,Single-detached houses,1137270,179930,69225,58095,0.535585653,0.549513792,0.415127371
Total - Sex,Single-detached houses,18645,3165,1165,820,0.770072993,0.756493506,0.600732601
Male,Single-detached houses,9345,1615,635,450,0.772727273,0.760479042,0.616438356
Female,Single-detached houses,9295,1555,530,370,0.76980198,0.75177305,0.569230769
Total - Sex,Single-detached houses,12565,1970,720,505,0.730983302,0.72361809,0.58045977
Male,Single-detached houses,6220,1000,355,280,0.716845878,0.717171717,0.629213483
Female,Single-detached houses,6350,970,365,225,0.743295019,0.722772277,0.535714286
Total - Sex,Single-detached houses,24535,3325,1415,975,0.644379845,0.661214953,0.522788204
Male,Single-detached houses,12095,1710,730,535,0.648956357,0.691943128,0.548717949
Female,Single-detached houses,12435,1610,690,440,0.640159046,0.638888889,0.494382022
Total - Sex,Single-detached houses,112740,18215,6990,5690,0.660322639,0.666348904,0.47063689
Male,Single-detached houses,56365,9185,3655,3080,0.659841954,0.678737233,0.496373892
Female,Single-detached houses,56375,9030,3335,2605,0.661054173,0.654563297,0.442650807
Total - Sex,Single-detached houses,39010,5905,2325,1760,0.681477207,0.712098009,0.595600677
Male,Single-detached houses,19230,2985,1205,930,0.676870748,0.715133531,0.622073579
Female,Single-detached houses,19775,2920,1120,825,0.685446009,0.711111111,0.563139932
Total - Sex,Single-detached houses,12325,2030,735,530,0.764595104,0.781914894,0.654320988
Male,Single-detached houses,6005,1035,375,275,0.755474453,0.773195876,0.654761905
Female,Single-detached houses,6320,995,355,250,0.774319066,0.76344086,0.632911392
Total - Sex,Single-detached houses,61350,10305,3820,3180,0.653455929,0.668416448,0.48
Male,Single-detached houses,30755,5340,1970,1640,0.658040665,0.66779661,0.483063328
Female,Single-detached houses,30600,4965,1845,1545,0.649019608,0.66969147,0.478328173
Total - Sex,Single-detached houses,65490,12540,4365,3615,0.685245902,0.7275,0.636443662
Male,Single-detached houses,32810,6500,2210,1920,0.688559322,0.729372937,0.648648649
Female,Single-detached houses,32675,6040,2155,1700,0.680947012,0.725589226,0.626151013
Total - Sex,Single-detached houses,90815,18155,6480,5585,0.545277069,0.572944297,0.487772926
Male,Single-detached houses,45975,9405,3365,2955,0.544113393,0.577682403,0.500847458
Female,Single-detached houses,44840,8745,3110,2630,0.546391753,0.567518248,0.473021583
Total - Sex,Single-detached houses,881255,145290,61520,58530,0.401287079,0.432417235,0.349913314
Male,Single-detached houses,437295,75020,31750,30845,0.401702766,0.433921006,0.361246121
Female,Single-detached houses,443965,70270,29770,27680,0.400844243,0.430856068,0.33801441
Total - Sex,Single-detached houses,10330,2195,580,480,0.55994898,0.591836735,0.484848485
Male,Single-detached houses,5260,1120,305,270,0.561403509,0.570093458,0.5
Female,Single-detached houses,5070,1075,275,205,0.556994819,0.625,0.460674157
Total - Sex,Single-detached houses,166875,24935,9765,8900,0.516787565,0.532297629,0.365578147
Male,Single-detached houses,82100,12645,4910,4745,0.515491235,0.536026201,0.385146104
Female,Single-detached houses,84775,12290,4855,4155,0.518018967,0.528291621,0.345386534
Total - Sex,Single-detached houses,30460,4680,1760,1285,0.692307692,0.733333333,0.658974359
Male,Single-detached houses,15025,2335,905,675,0.687776141,0.741803279,0.655339806
Female,Single-detached houses,15435,2350,855,610,0.698365527,0.724576271,0.659459459
Total - Sex,Single-detached houses,66170,10230,3790,3260,0.675470452,0.690975387,0.527081649
Male,Single-detached houses,32805,5265,1975,1705,0.681994819,0.69664903,0.549114332
Female,Single-detached houses,33365,4970,1815,1560,0.668909825,0.683615819,0.506493506
Total - Sex,Single-detached houses,21810,2080,980,685,0.847250509,0.867256637,0.778409091
Male,Single-detached houses,10485,1065,520,380,0.835294118,0.852459016,0.8
Female,Single-detached houses,11325,1010,460,305,0.855932203,0.884615385,0.7625
Total - Sex,Single-detached houses,19380,2890,1090,785,0.775838926,0.795620438,0.665254237
Male,Single-detached houses,9675,1430,570,445,0.775067751,0.826086957,0.674242424
Female,Single-detached houses,9705,1455,520,335,0.77393617,0.764705882,0.644230769
Total - Sex,Single-detached houses,37445,5275,2095,1345,0.722108145,0.754954955,0.577253219
Male,Single-detached houses,18330,2715,1070,700,0.722074468,0.76702509,0.576131687
Female,Single-detached houses,19110,2560,1020,650,0.722143865,0.739130435,0.580357143
Total - Sex,Single-detached houses,26160,4230,1520,1105,0.726804124,0.739659367,0.603825137
Male,Single-detached houses,13185,2175,795,575,0.725,0.739534884,0.628415301
Female,Single-detached houses,12975,2060,725,525,0.730496454,0.739795918,0.576923077
Total - Sex,Single-detached houses,13250,1840,705,460,0.840182648,0.859756098,0.74796748
Male,Single-detached houses,6640,950,380,250,0.837004405,0.873563218,0.769230769
Female,Single-detached houses,6610,885,325,215,0.838862559,0.833333333,0.74137931
Total - Sex,Single-detached houses,11655,2065,715,565,0.67594108,0.684210526,0.535545024
Male,Single-detached houses,5970,1065,370,310,0.667711599,0.678899083,0.553571429
Female,Single-detached houses,5680,1005,340,255,0.690721649,0.686868687,0.515151515
Total - Sex,Single-detached houses,17595,2930,1110,835,0.788694482,0.82527881,0.68442623
Male,Single-detached houses,8940,1485,580,445,0.789893617,0.828571429,0.6953125
Female,Single-detached houses,8660,1445,525,390,0.78746594,0.8203125,0.672413793
Total - Sex,Single-detached houses,7615,1380,475,430,0.598698482,0.575757576,0.540880503
Male,Single-detached houses,3880,710,235,245,0.601694915,0.552941176,0.563218391
Female,Single-detached houses,3735,670,235,185,0.595555556,0.580246914,0.521126761
Total - Sex,Single-detached houses,10590,1930,695,640,0.678383128,0.720207254,0.606635071
Male,Single-detached houses,5370,990,360,345,0.678082192,0.72,0.627272727
Female,Single-detached houses,5220,945,335,290,0.682310469,0.712765957,0.58
Total - Sex,Single-detached houses,59445,11065,3945,3400,0.731086885,0.738764045,0.558751027
Male,Single-detached houses,30205,5730,2030,1820,0.735086594,0.738181818,0.575039494
Female,Single-detached houses,29240,5340,1915,1585,0.72801636,0.737957611,0.541880342
Total - Sex,Single-detached houses,8245,1705,550,530,0.731759657,0.728476821,0.546391753
Male,Single-detached houses,4130,850,285,280,0.732758621,0.721518987,0.565656566
Female,Single-detached houses,4115,860,265,245,0.728813559,0.726027397,0.52688172
Total - Sex,Single-detached houses,18450,4250,1245,1090,0.700164745,0.725947522,0.503464203
Male,Single-detached houses,9520,2200,655,540,0.700636943,0.735955056,0.486486486
Female,Single-detached houses,8930,2050,585,545,0.69846678,0.709090909,0.516587678
Total - Sex,Single-detached houses,23410,4285,1320,1175,0.684504792,0.682170543,0.597964377
Male,Single-detached houses,11940,2300,690,640,0.686567164,0.686567164,0.618357488
Female,Single-detached houses,11475,1990,630,535,0.683848797,0.677419355,0.575268817
Total - Sex,Single-detached houses,16970,3230,1015,880,0.641509434,0.636363636,0.551724138
Male,Single-detached houses,8575,1735,515,480,0.642592593,0.639751553,0.571428571
Female,Single-detached houses,8395,1490,500,405,0.638115632,0.641025641,0.536423841
Total - Sex,Single-detached houses,26415,5835,1885,1900,0.659322034,0.695571956,0.619902121
Male,Single-detached houses,13570,2965,975,1065,0.665544332,0.693950178,0.651376147
Female,Single-detached houses,12840,2870,915,835,0.653758542,0.701149425,0.585964912
Total - Sex,Single-detached houses,9920,2090,625,705,0.535211268,0.541125541,0.5
Male,Single-detached houses,5065,1090,325,390,0.550505051,0.537190083,0.523489933
Female,Single-detached houses,4855,1000,300,315,0.520833333,0.550458716,0.470149254
Total - Sex,Single-detached houses,19295,6310,2085,1850,0.540239726,0.66507177,0.606557377
Male,Single-detached houses,9875,3215,1055,980,0.538525963,0.659375,0.638436482
Female,Single-detached houses,9420,3090,1035,870,0.541155867,0.672077922,0.57615894
